<?xml version="1.0" encoding="UTF-8"?>
<project-private xmlns="http://www.netbeans.org/ns/project-private/1">
    <editor-bookmarks xmlns="http://www.netbeans.org/ns/editor-bookmarks/2" lastBookmarkId="0"/>
    <open-files xmlns="http://www.netbeans.org/ns/projectui-open-files/2">
        <group>
            <file>file:/C:/Users/TOSHIBA/Desktop/Septimo%20semestre/Sistemas%20Distribuidos/CORVA/ejemplo%20a%20explicar%20versión%202.0/Servidor%20Estadisticas/src/cliente/ClienteDeObjetos.java</file>
            <file>file:/C:/Users/TOSHIBA/Desktop/Septimo%20semestre/Sistemas%20Distribuidos/CORVA/ejemplo%20a%20explicar%20versión%202.0/Servidor%20Estadisticas/src/servidor/ObtenerEstadisticasImpl.java</file>
        </group>
    </open-files>
</project-private>
